Batch,User,Source,StartDate,EndDate,Actual Samples,Expected Samples,Final Missing %
Batch1,cmp1_usr541,Light,2024.11.2 15:50,2025.1.4 23:18,15169,18234,16.81
Batch1,cmp1_usr541,Connectivity,2024.11.2 15:50,2025.1.4 23:18,15169,18234,16.81
Batch1,cmp1_usr541,Battery,2024.11.2 15:50,2025.1.4 23:18,15169,18234,16.81
Batch1,cmp1_usr541,Permission,2024.11.2 19:35,2025.1.6 13:21,215,259,16.99
Batch1,cmp1_usr542,Light,,,0,16128,100
Batch1,cmp1_usr542,Connectivity,,,0,16128,100
Batch1,cmp1_usr542,Battery,,,0,16128,100
Batch1,cmp1_usr542,Permission,,,0,224,100
Batch1,cmp1_usr545,Light,2024.11.11 21:09,2024.12.22 9:31,10394,16128,35.55
Batch1,cmp1_usr545,Connectivity,2024.11.11 21:09,2024.12.22 9:31,10394,16128,35.55
Batch1,cmp1_usr545,Battery,2024.11.11 21:09,2024.12.22 9:31,10394,16128,35.55
Batch1,cmp1_usr545,Permission,2024.11.11 21:04,2024.12.22 7:01,149,224,33.48
Batch1,cmp1_usr546,Light,2024.11.2 18:21,2025.2.17 8:04,29832,30693,2.81
Batch1,cmp1_usr546,Connectivity,2024.11.2 18:21,2025.2.17 8:04,29832,30693,2.81
Batch1,cmp1_usr546,Battery,2024.11.2 18:21,2025.2.17 8:04,29832,30693,2.81
Batch1,cmp1_usr546,Permission,2024.11.2 18:56,2025.2.17 7:14,417,427,2.34
Batch1,cmp1_usr547,Light,2024.10.23 8:12,2025.1.9 16:31,20007,22564,11.33
Batch1,cmp1_usr547,Connectivity,2024.10.23 8:12,2025.1.9 16:31,20007,22564,11.33
Batch1,cmp1_usr547,Battery,2024.10.23 8:12,2025.1.9 16:31,20007,22564,11.33
Batch1,cmp1_usr547,Permission,2024.10.23 8:07,2025.1.9 14:51,290,314,7.64
Batch1,cmp1_usr559,Light,2024.11.6 12:37,2024.12.22 20:53,12668,16128,21.45
Batch1,cmp1_usr559,Connectivity,2024.11.6 12:37,2024.12.22 20:53,12668,16128,21.45
Batch1,cmp1_usr559,Battery,2024.11.6 12:37,2024.12.22 20:53,12668,16128,21.45
Batch1,cmp1_usr559,Permission,2024.11.6 18:12,2024.12.22 15:53,177,224,20.98
Batch1,cmp1_usr571,Light,2024.10.27 14:17,2025.3.10 13:47,28685,38587,25.66
Batch1,cmp1_usr571,Connectivity,2024.10.27 14:17,2025.3.10 13:47,28685,38587,25.66
Batch1,cmp1_usr571,Battery,2024.10.27 14:17,2025.3.10 13:47,28685,38587,25.66
Batch1,cmp1_usr571,Permission,2024.10.27 18:57,2025.3.10 12:57,403,536,24.81
Batch1,cmp1_usr581,Light,2024.10.30 18:02,2025.1.20 6:55,23391,23483,0.39
Batch1,cmp1_usr581,Connectivity,2024.10.30 18:02,2025.1.20 6:55,23391,23483,0.39
Batch1,cmp1_usr581,Battery,2024.10.30 18:02,2025.1.20 6:55,23391,23483,0.39
Batch1,cmp1_usr581,Permission,2024.10.30 22:22,2025.1.20 3:10,325,325,0
Batch1,cmp1_usr582,Light,2024.11.4 19:35,2025.1.16 10:49,14915,20919,28.7
Batch1,cmp1_usr582,Connectivity,2024.11.4 19:35,2025.1.16 10:49,14915,20919,28.7
Batch1,cmp1_usr582,Battery,2024.11.4 19:35,2025.1.16 10:49,14915,20919,28.7
Batch1,cmp1_usr582,Permission,2024.11.11 16:40,2025.1.16 5:44,208,263,20.91
Batch1,cmp1_usr583,Light,2024.11.2 8:08,2024.12.22 9:32,13679,16128,15.18
Batch1,cmp1_usr583,Connectivity,2024.11.2 8:08,2024.12.22 9:32,13679,16128,15.18
Batch1,cmp1_usr583,Battery,2024.11.2 8:08,2024.12.22 9:32,13679,16128,15.18
Batch1,cmp1_usr583,Permission,2024.11.2 9:08,2024.12.22 4:42,193,224,13.84
Batch1,cmp1_usr584,Light,,,0,16128,100
Batch1,cmp1_usr584,Connectivity,,,0,16128,100
Batch1,cmp1_usr584,Battery,,,0,16128,100
Batch1,cmp1_usr584,Permission,,,0,224,100
Batch1,cmp1_usr586,Light,2024.11.6 12:26,2025.1.20 21:59,14467,21715,33.38
Batch1,cmp1_usr586,Connectivity,2024.11.6 12:26,2025.1.20 21:59,14467,21715,33.38
Batch1,cmp1_usr586,Battery,2024.11.6 12:26,2025.1.20 21:59,14466,21715,33.38
Batch1,cmp1_usr586,Permission,2024.11.6 18:09,2025.1.20 18:36,253,301,15.95
Batch1,cmp1_usr588,Light,2025.1.15 10:42,2025.3.6 16:37,4160,16128,74.21
Batch1,cmp1_usr588,Connectivity,2025.1.15 10:42,2025.3.6 16:37,4159,16128,74.21
Batch1,cmp1_usr588,Battery,2025.1.15 10:42,2025.3.6 16:37,4159,16128,74.21
Batch1,cmp1_usr588,Permission,2025.1.15 17:56,2025.3.6 9:32,64,224,71.43
Batch1,cmp1_usr589,Light,2024.11.4 22:50,2024.12.30 18:27,14280,16128,11.46
Batch1,cmp1_usr589,Connectivity,2024.11.4 22:50,2024.12.30 18:27,14280,16128,11.46
Batch1,cmp1_usr589,Battery,2024.11.4 22:50,2024.12.30 18:27,14280,16128,11.46
Batch1,cmp1_usr589,Permission,2024.11.4 23:25,2024.12.30 16:42,200,224,10.71
Batch1,cmp1_usr590,Light,2024.11.6 12:37,2025.5.20 0:49,20909,56019,62.68
Batch1,cmp1_usr590,Connectivity,2024.11.6 12:37,2025.5.20 0:49,20911,56019,62.67
Batch1,cmp1_usr590,Battery,2024.11.6 12:37,2025.5.20 0:49,20911,56019,62.67
Batch1,cmp1_usr590,Permission,2024.11.6 12:57,2025.5.21 14:04,315,785,59.87
Batch1,cmp1_usr591,Light,2024.11.12 13:24,2025.1.5 16:30,14280,16128,11.46
Batch1,cmp1_usr591,Connectivity,2024.11.12 13:24,2025.1.5 16:30,14280,16128,11.46
Batch1,cmp1_usr591,Battery,2024.11.12 13:24,2025.1.5 16:30,14280,16128,11.46
Batch1,cmp1_usr591,Permission,2024.11.12 13:01,2025.1.5 14:30,205,224,8.48
Batch1,cmp1_usr592,Light,2024.11.4 12:12,2025.1.7 13:40,18277,18450,0.94
Batch1,cmp1_usr592,Connectivity,2024.11.4 12:12,2025.1.7 13:40,18277,18450,0.94
Batch1,cmp1_usr592,Battery,2024.11.4 12:12,2025.1.7 13:40,18277,18450,0.94
Batch1,cmp1_usr592,Permission,2024.11.4 17:42,2025.1.7 9:20,254,255,0.39
Batch1,cmp1_usr593,Light,2024.11.6 12:40,2025.1.13 11:05,18040,19565,7.79
Batch1,cmp1_usr593,Connectivity,2024.11.6 12:40,2025.1.13 11:05,18040,19565,7.79
Batch1,cmp1_usr593,Battery,2024.11.6 12:40,2025.1.13 11:05,18040,19565,7.79
Batch1,cmp1_usr593,Permission,2024.11.6 17:45,2025.1.13 9:00,254,271,6.27
Batch1,cmp1_usr594,Light,2024.11.6 12:43,2025.1.12 9:36,10297,19259,46.53
Batch1,cmp1_usr594,Connectivity,2024.11.6 12:43,2025.1.12 9:36,10298,19259,46.53
Batch1,cmp1_usr594,Battery,2024.11.6 12:43,2025.1.12 9:36,10298,19259,46.53
Batch1,cmp1_usr594,Permission,2024.11.6 14:37,2025.2.8 13:52,154,376,59.04
Batch1,cmp1_usr596,Light,2024.11.6 13:28,2025.1.4 8:32,7382,16933,56.4
Batch1,cmp1_usr596,Connectivity,2024.11.6 13:28,2025.1.4 8:32,7387,16933,56.38
Batch1,cmp1_usr596,Battery,2024.11.6 13:28,2025.1.4 8:32,7387,16933,56.38
Batch1,cmp1_usr596,Permission,2024.11.6 14:50,2025.1.4 2:52,113,235,51.91
Batch1,cmp1_usr597,Light,,,0,16128,100
Batch1,cmp1_usr597,Connectivity,,,0,16128,100
Batch1,cmp1_usr597,Battery,,,0,16128,100
Batch1,cmp1_usr597,Permission,,,0,224,100
Batch1,cmp1_usr598,Light,2024.11.6 12:40,2025.1.10 14:08,18713,18738,0.13
Batch1,cmp1_usr598,Connectivity,2024.11.6 12:40,2025.1.10 14:08,18713,18738,0.13
Batch1,cmp1_usr598,Battery,2024.11.6 12:40,2025.1.10 14:08,18713,18738,0.13
Batch1,cmp1_usr598,Permission,2024.11.6 17:45,2025.1.10 8:38,259,259,0
Batch1,cmp1_usr599,Light,2024.11.6 10:31,2024.12.31 19:27,15938,16128,1.18
Batch1,cmp1_usr599,Connectivity,2024.11.6 10:31,2024.12.31 19:27,15938,16128,1.18
Batch1,cmp1_usr599,Battery,2024.11.6 10:31,2024.12.31 19:27,15938,16128,1.18
Batch1,cmp1_usr599,Permission,2024.11.6 14:06,2024.12.31 18:47,221,224,1.34
Batch1,cmp1_usr600,Light,2024.11.5 12:30,2025.1.6 13:56,17621,17874,1.42
Batch1,cmp1_usr600,Connectivity,2024.11.5 12:30,2025.1.6 13:56,17621,17874,1.42
Batch1,cmp1_usr600,Battery,2024.11.5 12:30,2025.1.6 13:56,17621,17874,1.42
Batch1,cmp1_usr600,Permission,2024.11.5 14:05,2025.1.6 11:41,245,248,1.21
Batch1,cmp1_usr601,Light,2024.11.5 22:33,2024.11.28 7:38,2278,16128,85.88
Batch1,cmp1_usr601,Connectivity,2024.11.5 22:33,2024.11.28 7:38,2278,16128,85.88
Batch1,cmp1_usr601,Battery,2024.11.5 22:33,2024.11.28 7:38,2278,16128,85.88
Batch1,cmp1_usr601,Permission,2024.11.6 6:35,2025.3.18 13:39,38,530,92.83
Batch1,cmp1_usr602,Light,2024.11.5 17:48,2024.12.31 15:59,15049,16128,6.69
Batch1,cmp1_usr602,Connectivity,2024.11.5 17:48,2024.12.31 15:59,15049,16128,6.69
Batch1,cmp1_usr602,Battery,2024.11.5 17:48,2024.12.31 15:59,15049,16128,6.69
Batch1,cmp1_usr602,Permission,2024.11.5 21:18,2024.12.31 14:19,210,224,6.25
Batch1,cmp1_usr603,Light,2024.11.4 16:47,2025.1.15 13:57,14542,20703,29.76
Batch1,cmp1_usr603,Connectivity,2024.11.2 18:21,2025.1.15 13:57,14543,21260,31.59
Batch1,cmp1_usr603,Battery,2024.11.4 16:47,2025.1.15 13:57,14542,20703,29.76
Batch1,cmp1_usr603,Permission,2024.11.4 21:32,2025.1.15 10:27,204,287,28.92
Batch1,cmp1_usr608,Light,,,0,16128,100
Batch1,cmp1_usr608,Connectivity,,,0,16128,100
Batch1,cmp1_usr608,Battery,,,0,16128,100
Batch1,cmp1_usr608,Permission,,,0,224,100
Batch1,cmp1_usr609,Light,2024.11.5 20:55,2025.1.10 14:00,17000,18925,10.17
Batch1,cmp1_usr609,Connectivity,2024.11.5 20:55,2025.1.10 14:00,17000,18925,10.17
Batch1,cmp1_usr609,Battery,2024.11.5 20:55,2025.1.10 14:00,17000,18925,10.17
Batch1,cmp1_usr609,Permission,2024.11.6 2:05,2025.1.10 11:15,239,262,8.78
Batch1,cmp1_usr612,Light,2024.11.4 18:20,2025.1.11 7:52,15905,19459,18.26
Batch1,cmp1_usr612,Connectivity,2024.11.4 18:20,2025.1.11 7:52,15905,19459,18.26
Batch1,cmp1_usr612,Battery,2024.11.4 18:20,2025.1.11 7:52,15905,19459,18.26
Batch1,cmp1_usr612,Permission,2024.11.4 23:55,2025.1.11 4:22,222,269,17.47
Batch1,cmp1_usr613,Light,,,0,16128,100
Batch1,cmp1_usr613,Connectivity,,,0,16128,100
Batch1,cmp1_usr613,Battery,,,0,16128,100
Batch1,cmp1_usr613,Permission,,,0,224,100
Batch1,cmp1_usr614,Light,2024.11.6 2:07,2025.1.9 14:54,18535,18586,0.27
Batch1,cmp1_usr614,Connectivity,2024.11.6 2:12,2025.1.9 14:54,18534,18585,0.27
Batch1,cmp1_usr614,Battery,2024.11.6 2:12,2025.1.9 14:54,18534,18585,0.27
Batch1,cmp1_usr614,Permission,2024.11.6 8:02,2025.1.9 14:39,258,258,0
Batch1,cmp1_usr615,Light,2024.11.6 10:48,2025.1.14 8:53,18840,19849,5.08
Batch1,cmp1_usr615,Connectivity,2024.11.6 10:48,2025.1.14 8:53,18840,19849,5.08
Batch1,cmp1_usr615,Battery,2024.11.6 10:48,2025.1.14 8:53,18840,19849,5.08
Batch1,cmp1_usr615,Permission,2024.11.6 14:33,2025.1.14 4:53,262,275,4.73
Batch1,cmp1_usr616,Light,2024.11.6 8:07,2024.12.31 19:24,7502,16128,53.48
Batch1,cmp1_usr616,Connectivity,2024.11.6 8:07,2024.12.31 19:24,7503,16128,53.48
Batch1,cmp1_usr616,Battery,2024.11.6 8:07,2024.12.31 19:24,7503,16128,53.48
Batch1,cmp1_usr616,Permission,2024.11.6 15:48,2024.12.31 13:59,144,224,35.71
Batch1,cmp1_usr617,Light,2024.11.6 11:11,2024.11.6 11:46,8,16128,99.95
Batch1,cmp1_usr617,Connectivity,2024.11.6 11:11,2024.11.6 11:51,9,16128,99.94
Batch1,cmp1_usr617,Battery,2024.11.6 11:11,2024.11.6 11:46,8,16128,99.95
Batch1,cmp1_usr617,Permission,2024.11.6 11:06,2024.11.6 11:06,1,224,99.55
Batch1,cmp1_usr618,Light,,,0,16128,100
Batch1,cmp1_usr618,Connectivity,,,0,16128,100
Batch1,cmp1_usr618,Battery,,,0,16128,100
Batch1,cmp1_usr618,Permission,,,0,224,100
Batch1,cmp1_usr619,Light,2024.11.5 7:41,2025.1.14 10:36,14804,20196,26.7
Batch1,cmp1_usr619,Connectivity,2024.11.5 7:41,2025.1.14 10:36,14804,20196,26.7
Batch1,cmp1_usr619,Battery,2024.11.5 7:41,2025.1.14 10:36,14804,20196,26.7
Batch1,cmp1_usr619,Permission,2024.11.5 7:36,2025.1.14 5:16,208,280,25.71
Batch1,cmp1_usr620,Light,2024.11.6 12:38,2025.1.9 19:16,18501,18512,0.06
Batch1,cmp1_usr620,Connectivity,2024.11.6 12:38,2025.1.9 19:16,18501,18512,0.06
Batch1,cmp1_usr620,Battery,2024.11.6 12:38,2025.1.9 19:16,18501,18512,0.06
Batch1,cmp1_usr620,Permission,2024.11.6 13:28,2025.1.9 18:21,257,257,0
Batch1,cmp1_usr621,Light,,,0,16128,100
Batch1,cmp1_usr621,Connectivity,,,0,16128,100
Batch1,cmp1_usr621,Battery,,,0,16128,100
Batch1,cmp1_usr621,Permission,,,0,224,100
Batch1,cmp1_usr622,Light,2024.11.28 17:10,2025.1.8 17:38,11798,16128,26.85
Batch1,cmp1_usr622,Connectivity,2024.11.28 17:10,2025.1.8 17:38,11798,16128,26.85
Batch1,cmp1_usr622,Battery,2024.11.28 17:10,2025.1.8 17:38,11798,16128,26.85
Batch1,cmp1_usr622,Permission,2024.11.28 19:05,2025.1.8 15:23,164,224,26.79
Batch1,cmp1_usr623,Light,2024.11.6 13:01,2025.1.7 22:42,17663,17973,1.72
Batch1,cmp1_usr623,Connectivity,2024.11.6 13:01,2025.1.7 22:42,17663,17973,1.72
Batch1,cmp1_usr623,Battery,2024.11.6 13:01,2025.1.7 22:42,17663,17973,1.72
Batch1,cmp1_usr623,Permission,2024.11.7 16:01,2025.1.7 19:27,245,245,0
Batch1,cmp1_usr624,Light,2024.11.6 14:03,2025.1.10 23:21,14309,18832,24.02
Batch1,cmp1_usr624,Connectivity,2024.11.6 14:03,2025.1.10 23:21,14310,18832,24.01
Batch1,cmp1_usr624,Battery,2024.11.6 14:03,2025.1.10 23:21,14310,18832,24.01
Batch1,cmp1_usr624,Permission,2024.11.6 16:13,2025.1.10 23:06,206,262,21.37
Batch1,cmp1_usr625,Light,2024.11.6 12:30,2025.1.15 14:04,19208,20179,4.81
Batch1,cmp1_usr625,Connectivity,2024.11.6 12:30,2025.1.15 14:04,19208,20179,4.81
Batch1,cmp1_usr625,Battery,2024.11.6 12:30,2025.1.15 14:04,19207,20179,4.82
Batch1,cmp1_usr625,Permission,2024.11.6 17:00,2025.1.15 10:09,268,279,3.94
Batch1,cmp1_usr626,Light,2024.11.6 7:22,2025.1.9 17:08,14332,18550,22.74
Batch1,cmp1_usr626,Connectivity,2024.11.6 7:22,2025.1.9 17:08,14332,18550,22.74
Batch1,cmp1_usr626,Battery,2024.11.6 7:22,2025.1.9 17:08,14332,18550,22.74
Batch1,cmp1_usr626,Permission,2024.11.6 7:57,2025.1.9 16:08,211,258,18.22
Batch1,cmp1_usr628,Light,2024.11.6 13:05,2025.2.26 7:11,26712,32186,17.01
Batch1,cmp1_usr628,Connectivity,2024.11.6 13:05,2025.2.26 7:11,26704,32186,17.03
Batch1,cmp1_usr628,Battery,2024.11.6 13:05,2025.2.26 7:11,26704,32186,17.03
Batch1,cmp1_usr628,Permission,2024.11.6 15:40,2025.2.26 7:01,374,447,16.33
Batch1,cmp1_usr629,Light,2024.11.6 12:27,2024.12.31 22:24,14601,16128,9.47
Batch1,cmp1_usr629,Connectivity,2024.11.6 12:27,2024.12.31 22:24,14601,16128,9.47
Batch1,cmp1_usr629,Battery,2024.11.6 12:27,2024.12.31 22:24,14601,16128,9.47
Batch1,cmp1_usr629,Permission,2024.11.6 15:12,2024.12.31 22:28,204,224,8.93
Batch1,cmp1_usr630,Light,2024.11.6 8:00,2024.12.31 16:49,15937,16128,1.18
Batch1,cmp1_usr630,Connectivity,2024.11.6 8:00,2024.12.31 16:49,15938,16128,1.18
Batch1,cmp1_usr630,Battery,2024.11.6 8:00,2024.12.31 16:49,15938,16128,1.18
Batch1,cmp1_usr630,Permission,2024.11.6 11:25,2024.12.31 12:24,221,224,1.34
Batch1,cmp1_usr631,Light,2024.11.5 19:07,2025.2.3 21:39,6869,25951,73.53
Batch1,cmp1_usr631,Connectivity,2024.11.5 19:07,2025.2.3 21:39,6869,25951,73.53
Batch1,cmp1_usr631,Battery,2024.11.5 19:07,2025.2.3 21:39,6869,25951,73.53
Batch1,cmp1_usr631,Permission,2024.11.6 0:42,2025.2.3 20:39,174,360,51.67
Batch1,cmp1_usr632,Light,2024.11.8 11:54,2025.1.14 10:31,18781,19280,2.59
Batch1,cmp1_usr632,Connectivity,2024.11.8 11:54,2025.1.14 10:31,18783,19280,2.58
Batch1,cmp1_usr632,Battery,2024.11.8 11:54,2025.1.14 10:31,18783,19280,2.58
Batch1,cmp1_usr632,Permission,2024.11.8 11:49,2025.1.14 9:16,264,268,1.49
Batch1,cmp1_usr633,Light,2024.11.10 10:21,2025.1.5 14:00,15371,16172,4.95
Batch1,cmp1_usr633,Connectivity,2024.11.10 10:21,2025.1.5 14:00,15402,16172,4.76
Batch1,cmp1_usr633,Battery,2024.11.10 10:21,2025.1.5 14:00,15416,16172,4.67
Batch1,cmp1_usr633,Permission,2024.11.10 10:16,2025.1.5 11:20,216,225,4
Batch1,cmp1_usr635,Light,2024.11.11 13:39,2025.1.6 16:22,16021,16161,0.87
Batch1,cmp1_usr635,Connectivity,2024.11.11 13:39,2025.1.6 16:22,16021,16161,0.87
Batch1,cmp1_usr635,Battery,2024.11.11 13:39,2025.1.6 16:22,16021,16161,0.87
Batch1,cmp1_usr635,Permission,2024.11.11 13:34,2025.1.6 11:22,223,224,0.45
Batch1,cmp1_usr637,Light,2024.11.12 13:21,2025.1.14 7:10,17947,18070,0.68
Batch1,cmp1_usr637,Connectivity,2024.11.12 13:21,2025.1.14 7:10,17947,18070,0.68
Batch1,cmp1_usr637,Battery,2024.11.12 13:21,2025.1.14 7:10,17947,18070,0.68
Batch1,cmp1_usr637,Permission,2024.11.12 13:16,2025.1.14 3:35,251,251,0
Batch1,cmp1_usr638,Light,2024.11.12 14:34,2025.1.9 8:54,16630,16637,0.04
Batch1,cmp1_usr638,Connectivity,2024.11.12 14:34,2025.1.9 8:54,16630,16637,0.04
Batch1,cmp1_usr638,Battery,2024.11.12 14:34,2025.1.9 8:54,16630,16637,0.04
Batch1,cmp1_usr638,Permission,2024.11.12 14:29,2025.1.9 8:29,232,232,0
Batch1,cmp1_usr639,Light,2024.11.12 18:27,2025.1.23 14:26,6223,20688,69.92
Batch1,cmp1_usr639,Connectivity,2024.11.12 18:27,2025.1.23 14:26,6223,20688,69.92
Batch1,cmp1_usr639,Battery,2024.11.12 18:27,2025.1.23 14:26,6223,20688,69.92
Batch1,cmp1_usr639,Permission,2024.11.12 18:22,2025.1.23 8:41,90,287,68.64
Batch1,cmp1_usr640,Light,2024.11.12 20:50,2025.1.7 21:27,11872,16136,26.43
Batch1,cmp1_usr640,Connectivity,2024.11.12 20:50,2025.1.7 21:27,11872,16136,26.43
Batch1,cmp1_usr640,Battery,2024.11.12 20:50,2025.1.7 21:27,11872,16136,26.43
Batch1,cmp1_usr640,Permission,2024.11.12 20:45,2025.1.7 17:52,167,224,25.45
Batch1,cmp1_usr641,Light,2024.11.12 21:34,2025.1.4 7:57,14099,16128,12.58
Batch1,cmp1_usr641,Connectivity,2024.11.12 21:34,2025.1.4 7:57,14099,16128,12.58
Batch1,cmp1_usr641,Battery,2024.11.12 21:34,2025.1.4 7:57,14099,16128,12.58
Batch1,cmp1_usr641,Permission,2024.11.12 21:29,2025.1.4 8:01,198,224,11.61
Batch1,cmp1_usr642,Light,2024.11.12 21:42,2025.1.8 21:53,16380,16419,0.24
Batch1,cmp1_usr642,Connectivity,2024.11.12 21:42,2025.1.8 21:53,16380,16419,0.24
Batch1,cmp1_usr642,Battery,2024.11.12 21:42,2025.1.8 21:53,16380,16419,0.24
Batch1,cmp1_usr642,Permission,2024.11.12 21:37,2025.1.8 21:53,229,229,0
Batch1,cmp1_usr643,Light,2024.11.12 22:49,2025.1.10 10:13,12321,16841,26.84
Batch1,cmp1_usr643,Connectivity,2024.11.12 22:49,2025.1.10 10:13,12321,16841,26.84
Batch1,cmp1_usr643,Battery,2024.11.12 22:49,2025.1.10 10:13,12321,16841,26.84
Batch1,cmp1_usr643,Permission,2024.11.12 22:44,2025.1.10 9:13,173,234,26.07
Batch1,cmp1_usr644,Light,2024.11.13 20:10,2025.1.15 20:27,17788,18148,1.98
Batch1,cmp1_usr644,Connectivity,2024.11.13 20:10,2025.1.15 20:27,17788,18148,1.98
Batch1,cmp1_usr644,Battery,2024.11.13 20:10,2025.1.15 20:27,17788,18148,1.98
Batch1,cmp1_usr644,Permission,2024.11.13 20:05,2025.1.15 14:37,248,252,1.59
Batch1,cmp1_usr645,Light,2024.11.13 11:45,2024.11.13 18:53,86,16128,99.47
Batch1,cmp1_usr645,Connectivity,2024.11.13 11:45,2024.11.13 18:53,86,16128,99.47
Batch1,cmp1_usr645,Battery,2024.11.13 11:45,2024.11.13 18:53,86,16128,99.47
Batch1,cmp1_usr645,Permission,2024.11.13 11:40,2024.11.13 14:53,1,224,99.55
Batch1,cmp1_usr646,Light,2024.11.13 19:31,2025.1.20 11:13,8342,19485,57.19
Batch1,cmp1_usr646,Connectivity,2024.11.13 19:31,2025.1.20 11:13,8342,19485,57.19
Batch1,cmp1_usr646,Battery,2024.11.13 19:31,2025.1.20 11:13,8342,19485,57.19
Batch1,cmp1_usr646,Permission,2024.11.13 19:26,2025.1.20 5:58,134,270,50.37
Batch1,cmp1_usr648,Light,2024.11.16 11:25,2025.2.24 7:48,28446,28757,1.08
Batch1,cmp1_usr648,Connectivity,2024.11.16 11:25,2025.2.24 7:48,28446,28757,1.08
Batch1,cmp1_usr648,Battery,2024.11.16 11:25,2025.2.24 7:48,28446,28757,1.08
Batch1,cmp1_usr648,Permission,2024.11.16 11:20,2025.2.24 4:13,399,399,0
Batch1,cmp1_usr649,Light,2024.11.18 15:11,2025.1.15 4:18,11172,16574,32.59
Batch1,cmp1_usr649,Connectivity,2024.11.18 15:11,2025.1.15 4:18,11172,16574,32.59
Batch1,cmp1_usr649,Battery,2024.11.18 15:11,2025.1.15 4:18,11172,16574,32.59
Batch1,cmp1_usr649,Permission,2024.11.18 15:06,2025.1.15 4:20,158,231,31.6
Batch1,cmp1_usr650,Light,2024.11.18 15:14,2025.1.28 13:25,20338,20427,0.44
Batch1,cmp1_usr650,Connectivity,2024.11.18 15:14,2025.1.28 13:25,20338,20427,0.44
Batch1,cmp1_usr650,Battery,2024.11.18 15:14,2025.1.28 13:25,20338,20427,0.44
Batch1,cmp1_usr650,Permission,2024.11.18 15:09,2025.1.28 13:10,284,284,0
Batch1,cmp1_usr651,Light,2024.11.18 16:05,2025.1.21 10:13,14940,18362,18.64
Batch1,cmp1_usr651,Connectivity,2024.11.18 16:05,2025.1.21 10:13,14960,18362,18.53
Batch1,cmp1_usr651,Battery,2024.11.18 16:05,2025.1.21 10:13,14959,18362,18.53
Batch1,cmp1_usr651,Permission,2024.11.18 16:00,2025.1.21 6:03,211,255,17.25
Batch1,cmp1_usr652,Light,2024.11.18 16:16,2025.2.6 19:41,3391,23081,85.31
Batch1,cmp1_usr652,Connectivity,2024.11.18 16:16,2025.2.6 19:41,3391,23081,85.31
Batch1,cmp1_usr652,Battery,2024.11.18 16:16,2025.2.6 19:41,3391,23081,85.31
Batch1,cmp1_usr652,Permission,2024.11.18 22:24,2025.3.11 22:46,62,453,86.31
Batch2,cmp1_usr654,Light,2024.11.19 16:50,2025.1.20 10:17,11994,17778,32.53
Batch2,cmp1_usr654,Connectivity,2024.11.19 16:50,2025.1.20 10:17,11994,17778,32.53
Batch2,cmp1_usr654,Battery,2024.11.19 16:50,2025.1.20 10:17,11994,17778,32.53
Batch2,cmp1_usr654,Permission,2024.11.19 16:45,2025.1.20 5:26,183,247,25.91
Batch2,cmp1_usr655,Light,2024.11.20 3:37,2025.1.23 23:28,16081,18671,13.87
Batch2,cmp1_usr655,Connectivity,2024.11.20 3:37,2025.1.23 23:28,16081,18671,13.87
Batch2,cmp1_usr655,Battery,2024.11.20 3:37,2025.1.23 23:28,16081,18671,13.87
Batch2,cmp1_usr655,Permission,2024.11.20 3:32,2025.1.23 20:03,225,259,13.13
Batch2,cmp1_usr656,Light,2024.11.20 15:24,2025.1.17 7:03,13701,16604,17.48
Batch2,cmp1_usr656,Connectivity,2024.11.20 15:24,2025.1.17 7:03,13701,16604,17.48
Batch2,cmp1_usr656,Battery,2024.11.20 15:24,2025.1.17 7:03,13701,16604,17.48
Batch2,cmp1_usr656,Permission,2024.11.20 15:19,2025.1.17 1:33,193,230,16.09
Batch2,cmp1_usr660,Light,2024.12.20 16:04,2025.2.14 12:09,4669,16128,71.05
Batch2,cmp1_usr660,Connectivity,2024.12.20 16:04,2025.2.14 12:09,4668,16128,71.06
Batch2,cmp1_usr660,Battery,2024.12.20 16:04,2025.2.14 12:09,4668,16128,71.06
Batch2,cmp1_usr660,Permission,2024.12.20 15:52,2025.2.14 17:22,77,225,65.78
Batch2,cmp1_usr661,Light,2024.12.20 15:59,2025.2.26 6:44,18910,19474,2.9
Batch2,cmp1_usr661,Connectivity,2024.12.20 15:59,2025.2.26 6:44,18910,19474,2.9
Batch2,cmp1_usr661,Battery,2024.12.20 15:59,2025.2.26 6:44,18910,19474,2.9
Batch2,cmp1_usr661,Permission,2024.12.20 15:54,2025.2.26 4:54,265,271,2.21
Batch2,cmp1_usr662,Light,2024.12.20 20:26,2024.12.31 17:25,3132,16128,80.58
Batch2,cmp1_usr662,Connectivity,2024.12.20 20:26,2024.12.31 17:25,3132,16128,80.58
Batch2,cmp1_usr662,Battery,2024.12.20 20:26,2024.12.31 17:25,3132,16128,80.58
Batch2,cmp1_usr662,Permission,2024.12.20 20:15,2024.12.31 12:15,43,224,80.8
Batch2,cmp1_usr663,Light,2024.12.20 20:17,2024.12.28 18:27,2282,16128,85.85
Batch2,cmp1_usr663,Connectivity,2024.12.20 20:17,2024.12.28 18:27,2282,16128,85.85
Batch2,cmp1_usr663,Battery,2024.12.20 20:17,2024.12.28 18:27,2282,16128,85.85
Batch2,cmp1_usr663,Permission,2024.12.20 20:12,2024.12.28 14:12,31,224,86.16
Batch2,cmp1_usr664,Light,2024.12.20 20:38,2025.3.7 15:12,15082,22111,31.79
Batch2,cmp1_usr664,Connectivity,2024.12.20 20:38,2025.3.7 15:12,15082,22111,31.79
Batch2,cmp1_usr664,Battery,2024.12.20 20:38,2025.3.7 15:12,15082,22111,31.79
Batch2,cmp1_usr664,Permission,2024.12.20 20:33,2025.3.7 10:16,224,307,27.04
Batch2,cmp1_usr665,Light,2024.12.20 20:58,2025.3.1 10:38,17954,20324,11.66
Batch2,cmp1_usr665,Connectivity,2024.12.20 20:58,2025.3.1 10:38,17954,20324,11.66
Batch2,cmp1_usr665,Battery,2024.12.20 20:58,2025.3.1 10:38,17954,20324,11.66
Batch2,cmp1_usr665,Permission,2024.12.20 20:53,2025.3.1 10:18,249,283,12.01
Batch2,cmp1_usr666,Light,,,0,16128,100
Batch2,cmp1_usr666,Connectivity,,,0,16128,100
Batch2,cmp1_usr666,Battery,,,0,16128,100
Batch2,cmp1_usr666,Permission,,,0,224,100
Batch2,cmp1_usr667,Light,2025.1.11 10:16,2025.4.11 7:40,20186,25889,22.03
Batch2,cmp1_usr667,Connectivity,2025.1.11 10:16,2025.4.11 7:40,20189,25889,22.02
Batch2,cmp1_usr667,Battery,2025.1.11 10:16,2025.4.11 7:40,20189,25889,22.02
Batch2,cmp1_usr667,Permission,2025.1.11 10:11,2025.4.11 4:00,287,359,20.06
Batch2,cmp1_usr668,Light,2024.12.23 0:13,2025.3.8 18:29,21772,21820,0.22
Batch2,cmp1_usr668,Connectivity,2024.12.23 0:13,2025.3.8 18:29,21772,21820,0.22
Batch2,cmp1_usr668,Battery,2024.12.23 0:13,2025.3.8 18:29,21772,21820,0.22
Batch2,cmp1_usr668,Permission,2024.12.23 0:08,2025.3.8 15:54,303,303,0
Batch2,cmp1_usr669,Light,2024.12.23 14:00,2025.2.17 17:33,5327,16171,67.06
Batch2,cmp1_usr669,Connectivity,2024.12.23 14:00,2025.2.17 17:33,5327,16171,67.06
Batch2,cmp1_usr669,Battery,2024.12.23 14:00,2025.2.17 17:33,5327,16171,67.06
Batch2,cmp1_usr669,Permission,2024.12.23 13:55,2025.2.28 9:04,105,268,60.82
Batch2,cmp1_usr670,Light,2024.12.24 0:45,2025.2.21 8:57,13775,17091,19.4
Batch2,cmp1_usr670,Connectivity,2024.12.24 0:45,2025.2.21 8:57,13775,17091,19.4
Batch2,cmp1_usr670,Battery,2024.12.24 0:45,2025.2.21 8:57,13775,17091,19.4
Batch2,cmp1_usr670,Permission,2024.12.24 0:40,2025.2.21 4:12,199,237,16.03
Batch2,cmp1_usr671,Light,2024.12.24 12:39,2025.3.30 20:35,26286,27744,5.26
Batch2,cmp1_usr671,Connectivity,2024.12.24 12:39,2025.3.30 20:35,26286,27744,5.26
Batch2,cmp1_usr671,Battery,2024.12.24 12:39,2025.3.30 20:35,26286,27744,5.26
Batch2,cmp1_usr671,Permission,2024.12.24 12:34,2025.3.30 16:00,368,385,4.42
Batch2,cmp1_usr672,Light,2024.12.24 13:28,2025.3.31 8:58,27224,27883,2.36
Batch2,cmp1_usr672,Connectivity,2024.12.24 13:28,2025.3.31 8:58,27224,27883,2.36
Batch2,cmp1_usr672,Battery,2024.12.24 13:28,2025.3.31 8:58,27224,27883,2.36
Batch2,cmp1_usr672,Permission,2024.12.24 13:23,2025.3.31 5:23,379,387,2.07
Batch2,cmp1_usr674,Light,2024.12.25 22:29,2025.2.24 17:19,17333,17506,0.99
Batch2,cmp1_usr674,Connectivity,2024.12.25 22:29,2025.2.24 17:19,17333,17506,0.99
Batch2,cmp1_usr674,Battery,2024.12.25 22:29,2025.2.24 17:19,17333,17506,0.99
Batch2,cmp1_usr674,Permission,2024.12.25 22:24,2025.2.24 13:59,243,243,0
Batch2,cmp1_usr675,Light,2024.12.26 0:20,2025.2.24 17:50,16312,17491,6.74
Batch2,cmp1_usr675,Connectivity,2024.12.26 0:20,2025.2.24 17:50,16312,17491,6.74
Batch2,cmp1_usr675,Battery,2024.12.26 0:20,2025.2.24 17:50,16312,17491,6.74
Batch2,cmp1_usr675,Permission,2024.12.26 0:15,2025.2.24 18:06,228,243,6.17
Batch2,cmp1_usr676,Light,2024.12.26 15:20,2025.2.18 18:10,15582,16128,3.39
Batch2,cmp1_usr676,Connectivity,2024.12.26 15:20,2025.2.18 18:10,15582,16128,3.39
Batch2,cmp1_usr676,Battery,2024.12.26 15:20,2025.2.18 18:10,15582,16128,3.39
Batch2,cmp1_usr676,Permission,2024.12.26 15:15,2025.2.18 16:55,217,224,3.12
Batch2,cmp1_usr677,Light,2024.12.26 16:12,2025.2.12 17:28,13519,16128,16.18
Batch2,cmp1_usr677,Connectivity,2024.12.26 16:12,2025.2.12 17:28,13519,16128,16.18
Batch2,cmp1_usr677,Battery,2024.12.26 16:12,2025.2.12 17:28,13519,16128,16.18
Batch2,cmp1_usr677,Permission,2024.12.26 16:07,2025.2.12 11:58,188,224,16.07
Batch2,cmp1_usr678,Light,2024.12.26 15:17,2025.3.5 7:12,9488,19775,52.02
Batch2,cmp1_usr678,Connectivity,2024.12.26 15:17,2025.3.5 7:12,9489,19775,52.02
Batch2,cmp1_usr678,Battery,2024.12.26 15:17,2025.3.5 7:12,9488,19775,52.02
Batch2,cmp1_usr678,Permission,2024.12.26 15:12,2025.3.5 6:37,147,275,46.55
Batch2,cmp1_usr682,Light,2024.12.31 17:59,2024.12.31 19:34,20,16128,99.88
Batch2,cmp1_usr682,Connectivity,2024.12.31 17:59,2024.12.31 19:34,20,16128,99.88
Batch2,cmp1_usr682,Battery,2024.12.31 17:59,2024.12.31 19:34,20,16128,99.88
Batch2,cmp1_usr682,Permission,2024.12.31 17:54,2024.12.31 17:54,1,224,99.55
Batch2,cmp1_usr683,Light,2024.12.31 17:57,2025.1.9 16:12,2568,16128,84.08
Batch2,cmp1_usr683,Connectivity,2024.12.31 17:57,2025.1.9 16:12,2568,16128,84.08
Batch2,cmp1_usr683,Battery,2024.12.31 17:57,2025.1.9 16:12,2568,16128,84.08
Batch2,cmp1_usr683,Permission,2024.12.31 17:52,2025.1.9 14:52,36,224,83.93
Batch2,cmp1_usr684,Light,2025.1.6 16:54,2025.5.21 8:56,37209,38785,4.06
Batch2,cmp1_usr684,Connectivity,2025.1.6 16:54,2025.5.21 8:56,37209,38785,4.06
Batch2,cmp1_usr684,Battery,2025.1.6 16:54,2025.5.21 8:56,37209,38785,4.06
Batch2,cmp1_usr684,Permission,2025.1.6 16:49,2025.5.21 8:21,520,539,3.53
Batch2,cmp1_usr685,Light,2025.1.6 17:00,2025.3.8 13:40,7105,17529,59.47
Batch2,cmp1_usr685,Connectivity,2025.1.6 17:00,2025.3.8 13:40,7103,17529,59.48
Batch2,cmp1_usr685,Battery,2025.1.6 17:00,2025.3.8 13:40,7103,17529,59.48
Batch2,cmp1_usr685,Permission,2025.1.6 16:55,2025.3.8 8:54,114,243,53.09
Batch2,cmp1_usr686,Light,2025.1.7 19:22,2025.3.11 6:49,6025,17994,66.52
Batch2,cmp1_usr686,Connectivity,2025.1.7 19:22,2025.3.11 6:49,6025,17994,66.52
Batch2,cmp1_usr686,Battery,2025.1.7 19:22,2025.3.11 6:49,6025,17994,66.52
Batch2,cmp1_usr686,Permission,2025.1.7 19:17,2025.3.11 2:40,103,250,58.8
Batch2,cmp1_usr687,Light,2025.1.7 19:25,2025.3.21 16:11,11080,20986,47.2
Batch2,cmp1_usr687,Connectivity,2025.1.7 19:25,2025.3.21 16:11,11084,20986,47.18
Batch2,cmp1_usr687,Battery,2025.1.7 19:25,2025.3.21 16:11,11075,20986,47.23
Batch2,cmp1_usr687,Permission,2025.1.7 19:20,2025.3.21 11:34,165,291,43.3
Batch2,cmp1_usr688,Light,2025.1.7 19:34,2025.3.25 15:51,20023,22132,9.53
Batch2,cmp1_usr688,Connectivity,2025.1.7 19:34,2025.3.25 15:51,20023,22132,9.53
Batch2,cmp1_usr688,Battery,2025.1.7 19:34,2025.3.25 15:51,20023,22132,9.53
Batch2,cmp1_usr688,Permission,2025.1.7 19:29,2025.3.25 13:41,285,308,7.47
Batch2,cmp1_usr689,Light,2025.1.7 19:43,2025.1.8 7:43,145,16128,99.1
Batch2,cmp1_usr689,Connectivity,2025.1.7 19:43,2025.1.8 7:43,145,16128,99.1
Batch2,cmp1_usr689,Battery,2025.1.7 19:43,2025.1.8 7:43,145,16128,99.1
Batch2,cmp1_usr689,Permission,2025.1.7 19:38,2025.1.8 7:38,3,224,98.66
Batch2,cmp1_usr690,Light,2025.1.10 18:50,2025.3.19 8:44,9144,19463,53.02
Batch2,cmp1_usr690,Connectivity,2025.1.10 18:50,2025.3.19 8:44,9144,19463,53.02
Batch2,cmp1_usr690,Battery,2025.1.10 18:50,2025.3.19 8:44,9144,19463,53.02
Batch2,cmp1_usr690,Permission,2025.1.10 18:45,2025.3.19 14:08,149,272,45.22
Batch2,cmp1_usr691,Light,2025.1.10 18:58,2025.3.7 16:36,11480,16128,28.82
Batch2,cmp1_usr691,Connectivity,2025.1.10 18:58,2025.3.7 16:36,11480,16128,28.82
Batch2,cmp1_usr691,Battery,2025.1.10 18:58,2025.3.7 16:36,11480,16128,28.82
Batch2,cmp1_usr691,Permission,2025.1.10 18:53,2025.3.7 16:06,163,224,27.23
Batch2,cmp1_usr692,Light,2025.1.11 10:35,2025.3.18 22:23,18386,19150,3.99
Batch2,cmp1_usr692,Connectivity,2025.1.11 10:35,2025.3.18 22:23,18386,19150,3.99
Batch2,cmp1_usr692,Battery,2025.1.11 10:35,2025.3.18 22:23,18386,19150,3.99
Batch2,cmp1_usr692,Permission,2025.1.11 10:30,2025.3.18 20:48,259,266,2.63
Batch2,cmp1_usr693,Light,2025.1.14 18:14,2025.4.6 13:33,21693,23560,7.92
Batch2,cmp1_usr693,Connectivity,2025.1.14 18:14,2025.4.6 13:33,21691,23560,7.93
Batch2,cmp1_usr693,Battery,2025.1.14 18:14,2025.4.6 13:33,21691,23560,7.93
Batch2,cmp1_usr693,Permission,2025.1.14 18:09,2025.4.6 13:08,305,328,7.01
Batch2,cmp1_usr694,Light,2025.1.14 18:22,2025.4.10 8:46,21797,24653,11.58
Batch2,cmp1_usr694,Connectivity,2025.1.14 18:22,2025.4.10 8:46,21797,24653,11.58
Batch2,cmp1_usr694,Battery,2025.1.14 18:22,2025.4.10 8:46,21797,24653,11.58
Batch2,cmp1_usr694,Permission,2025.1.14 18:17,2025.4.10 7:01,306,343,10.79
Batch2,cmp1_usr695,Light,2025.1.14 19:19,2025.3.26 0:04,11791,20217,41.68
Batch2,cmp1_usr695,Connectivity,2025.1.14 19:19,2025.3.26 0:04,11792,20217,41.67
Batch2,cmp1_usr695,Battery,2025.1.14 19:19,2025.3.26 0:04,11791,20217,41.68
Batch2,cmp1_usr695,Permission,2025.1.14 19:14,2025.3.26 9:49,172,283,39.22
Batch2,cmp1_usr696,Light,2025.1.15 9:53,2025.3.19 22:24,17740,18295,3.03
Batch2,cmp1_usr696,Connectivity,2025.1.15 9:53,2025.3.19 22:24,17740,18295,3.03
Batch2,cmp1_usr696,Battery,2025.1.15 9:53,2025.3.19 22:24,17740,18295,3.03
Batch2,cmp1_usr696,Permission,2025.1.14 21:17,2025.3.19 19:24,251,256,1.95
Batch2,cmp1_usr698,Light,2025.1.14 20:39,2025.3.25 1:28,15488,19930,22.29
Batch2,cmp1_usr698,Connectivity,2025.1.14 20:39,2025.3.25 1:28,15488,19930,22.29
Batch2,cmp1_usr698,Battery,2025.1.14 20:39,2025.3.25 1:28,15488,19930,22.29
Batch2,cmp1_usr698,Permission,2025.1.14 20:34,2025.3.30 11:21,221,299,26.09
Batch2,cmp1_usr699,Light,2025.1.14 21:40,2025.3.23 11:14,19420,19459,0.2
Batch2,cmp1_usr699,Connectivity,2025.1.14 21:40,2025.3.23 11:14,19420,19459,0.2
Batch2,cmp1_usr699,Battery,2025.1.14 21:40,2025.3.23 11:14,19420,19459,0.2
Batch2,cmp1_usr699,Permission,2025.1.14 21:35,2025.3.23 10:39,271,271,0
Batch2,cmp1_usr700,Light,2025.1.17 16:46,2025.4.1 11:29,16118,21249,24.15
Batch2,cmp1_usr700,Connectivity,2025.1.17 16:46,2025.4.1 11:29,16118,21249,24.15
Batch2,cmp1_usr700,Battery,2025.1.17 16:46,2025.4.1 11:29,16118,21249,24.15
Batch2,cmp1_usr700,Permission,2025.1.17 16:41,2025.4.1 10:49,235,296,20.61
Batch2,cmp1_usr701,Light,2025.1.17 17:09,2025.1.21 8:29,1049,16128,93.5
Batch2,cmp1_usr701,Connectivity,2025.1.17 17:09,2025.1.21 8:29,1049,16128,93.5
Batch2,cmp1_usr701,Battery,2025.1.17 17:09,2025.1.21 8:29,1049,16128,93.5
Batch2,cmp1_usr701,Permission,2025.1.17 17:04,2025.1.21 5:04,15,224,93.3
Batch2,cmp1_usr702,Light,2025.1.20 21:44,2025.4.7 11:40,15964,22056,27.62
Batch2,cmp1_usr702,Connectivity,2025.1.20 21:44,2025.4.7 11:40,15964,22056,27.62
Batch2,cmp1_usr702,Battery,2025.1.20 21:44,2025.4.7 11:40,15964,22056,27.62
Batch2,cmp1_usr702,Permission,2025.1.20 21:39,2025.4.7 9:20,230,306,24.84
Batch2,cmp1_usr703,Light,2025.1.21 17:24,2025.3.26 21:08,17426,18477,5.69
Batch2,cmp1_usr703,Connectivity,2025.1.21 17:24,2025.3.26 21:08,17426,18477,5.69
Batch2,cmp1_usr703,Battery,2025.1.21 17:24,2025.3.26 21:08,17426,18477,5.69
Batch2,cmp1_usr703,Permission,2025.1.21 17:19,2025.3.26 15:58,245,256,4.3
Batch2,cmp1_usr704,Light,2025.1.21 17:27,2025.2.9 21:21,5518,16128,65.79
Batch2,cmp1_usr704,Connectivity,2025.1.21 17:27,2025.2.9 21:21,5519,16128,65.78
Batch2,cmp1_usr704,Battery,2025.1.21 17:27,2025.2.9 21:21,5519,16128,65.78
Batch2,cmp1_usr704,Permission,2025.1.21 17:22,2025.2.9 19:46,77,224,65.62
Batch2,cmp1_usr705,Light,2025.1.21 18:25,2025.3.31 11:51,8119,19794,58.98
Batch2,cmp1_usr705,Connectivity,2025.1.21 18:25,2025.3.31 11:51,8119,19794,58.98
Batch2,cmp1_usr705,Battery,2025.1.21 18:25,2025.3.31 11:51,8119,19794,58.98
Batch2,cmp1_usr705,Permission,2025.1.21 18:20,2025.3.31 6:30,120,275,56.36
Batch2,cmp1_usr706,Light,2025.1.21 18:39,2025.3.12 12:47,14301,16128,11.33
Batch2,cmp1_usr706,Connectivity,2025.1.21 18:39,2025.3.12 12:47,14301,16128,11.33
Batch2,cmp1_usr706,Battery,2025.1.21 18:39,2025.3.12 12:47,14301,16128,11.33
Batch2,cmp1_usr706,Permission,2025.1.21 18:34,2025.3.12 12:50,200,224,10.71
Batch2,cmp1_usr707,Light,2025.1.21 22:34,2025.3.28 13:28,11560,18899,38.83
Batch2,cmp1_usr707,Connectivity,2025.1.21 22:34,2025.3.28 13:28,11560,18899,38.83
Batch2,cmp1_usr707,Battery,2025.1.21 22:34,2025.3.28 13:28,11560,18899,38.83
Batch2,cmp1_usr707,Permission,2025.1.21 22:29,2025.3.28 9:58,164,262,37.4
Batch2,cmp1_usr708,Light,2025.1.23 7:24,2025.3.19 14:34,15776,16128,2.18
Batch2,cmp1_usr708,Connectivity,2025.1.23 7:24,2025.3.19 14:34,15776,16128,2.18
Batch2,cmp1_usr708,Battery,2025.1.23 7:24,2025.3.19 14:34,15776,16128,2.18
Batch2,cmp1_usr708,Permission,2025.1.23 7:19,2025.3.19 13:09,221,224,1.34
Batch2,cmp1_usr709,Light,2025.2.12 18:32,2025.3.27 8:23,8503,16128,47.28
Batch2,cmp1_usr709,Connectivity,2025.2.12 18:32,2025.3.27 8:23,8503,16128,47.28
Batch2,cmp1_usr709,Battery,2025.2.12 18:32,2025.3.27 8:23,8503,16128,47.28
Batch2,cmp1_usr709,Permission,2025.2.12 18:27,2025.3.27 3:48,124,224,44.64
Batch2,cmp1_usr710,Light,2025.1.23 20:17,2025.3.29 13:47,17521,18642,6.01
Batch2,cmp1_usr710,Connectivity,2025.1.23 20:17,2025.3.29 13:47,17521,18642,6.01
Batch2,cmp1_usr710,Battery,2025.1.23 20:17,2025.3.29 13:47,17521,18642,6.01
Batch2,cmp1_usr710,Permission,2025.1.23 20:12,2025.3.29 10:42,244,259,5.79
Batch2,cmp1_usr711,Light,2025.1.23 23:18,2025.3.29 8:55,14177,18548,23.57
Batch2,cmp1_usr711,Connectivity,2025.1.23 23:18,2025.3.29 8:55,14181,18548,23.54
Batch2,cmp1_usr711,Battery,2025.1.23 23:18,2025.3.29 8:55,14181,18548,23.54
Batch2,cmp1_usr711,Permission,2025.1.23 23:13,2025.3.30 1:38,203,261,22.22
Batch2,cmp1_usr712,Light,2025.1.23 23:45,2025.4.15 21:15,5570,23587,76.39
Batch2,cmp1_usr712,Connectivity,2025.1.23 23:45,2025.4.15 21:15,5569,23587,76.39
Batch2,cmp1_usr712,Battery,2025.1.23 23:45,2025.4.15 21:15,5569,23587,76.39
Batch2,cmp1_usr712,Permission,2025.1.23 23:40,2025.4.15 21:05,91,328,72.26
Batch2,cmp1_usr713,Light,2025.1.24 5:35,2025.3.31 18:24,17473,19162,8.81
Batch2,cmp1_usr713,Connectivity,2025.1.24 5:34,2025.3.31 18:24,17616,19163,8.07
Batch2,cmp1_usr713,Battery,2025.1.24 5:34,2025.3.31 18:24,17616,19163,8.07
Batch2,cmp1_usr713,Permission,2025.1.24 5:29,2025.3.31 16:59,246,266,7.52
Batch2,cmp1_usr714,Light,2025.1.24 16:01,2025.3.28 16:36,11052,18151,39.11
Batch2,cmp1_usr714,Connectivity,2025.1.24 16:01,2025.3.28 16:36,11051,18151,39.12
Batch2,cmp1_usr714,Battery,2025.1.24 16:01,2025.3.28 16:36,11051,18151,39.12
Batch2,cmp1_usr714,Permission,2025.1.24 15:56,2025.3.28 12:40,178,252,29.37
Batch2,cmp1_usr715,Light,2025.1.26 16:32,2025.3.28 15:45,17360,17559,1.13
Batch2,cmp1_usr715,Connectivity,2025.1.26 16:32,2025.3.28 15:45,17363,17559,1.12
Batch2,cmp1_usr715,Battery,2025.1.26 16:32,2025.3.28 15:45,17363,17559,1.12
Batch2,cmp1_usr715,Permission,2025.1.26 16:27,2025.3.28 10:45,243,244,0.41
Batch2,cmp1_usr716,Light,2025.1.30 19:14,2025.4.3 13:53,4843,18080,73.21
Batch2,cmp1_usr716,Connectivity,2025.1.30 19:14,2025.4.3 13:53,4843,18080,73.21
Batch2,cmp1_usr716,Battery,2025.1.30 19:14,2025.4.3 13:53,4843,18080,73.21
Batch2,cmp1_usr716,Permission,2025.1.30 19:09,2025.4.3 9:38,69,251,72.51
Batch2,cmp1_usr717,Light,2025.1.30 20:18,2025.6.6 7:21,13704,36421,62.37
Batch2,cmp1_usr717,Connectivity,2025.1.30 20:18,2025.6.6 7:21,13704,36421,62.37
Batch2,cmp1_usr717,Battery,2025.1.30 20:18,2025.6.6 7:21,13704,36421,62.37
Batch2,cmp1_usr717,Permission,2025.1.30 20:13,2025.6.5 23:18,220,505,56.44
Batch2,cmp1_usr718,Light,2025.1.30 21:35,2025.4.22 8:56,23316,23465,0.63
Batch2,cmp1_usr718,Connectivity,2025.1.30 21:35,2025.4.22 8:56,23316,23465,0.63
Batch2,cmp1_usr718,Battery,2025.1.30 21:35,2025.4.22 8:56,23316,23465,0.63
Batch2,cmp1_usr718,Permission,2025.1.30 21:30,2025.4.22 3:11,325,325,0
Batch2,cmp1_usr719,Light,2025.1.30 21:39,2025.4.7 19:17,18417,19268,4.42
Batch2,cmp1_usr719,Connectivity,2025.1.30 21:39,2025.4.7 19:17,18417,19268,4.42
Batch2,cmp1_usr719,Battery,2025.1.30 21:39,2025.4.7 19:17,18417,19268,4.42
Batch2,cmp1_usr719,Permission,2025.1.30 21:34,2025.4.7 13:22,262,267,1.87
Batch2,cmp1_usr720,Light,2025.2.5 23:38,2025.4.5 0:31,16689,16715,0.16
Batch2,cmp1_usr720,Connectivity,2025.2.5 23:38,2025.4.5 0:31,16689,16715,0.16
Batch2,cmp1_usr720,Battery,2025.2.5 23:38,2025.4.5 0:31,16689,16715,0.16
Batch2,cmp1_usr720,Permission,2025.2.5 23:33,2025.4.4 19:56,232,232,0
Batch2,cmp1_usr721,Light,2025.2.10 17:45,2025.4.21 14:32,19564,20122,2.77
Batch2,cmp1_usr721,Connectivity,2025.2.10 17:45,2025.4.21 14:32,19576,20122,2.71
Batch2,cmp1_usr721,Battery,2025.2.10 17:45,2025.4.21 14:32,19576,20122,2.71
Batch2,cmp1_usr721,Permission,2025.2.10 17:40,2025.4.21 10:57,279,279,0
Batch2,cmp1_usr722,Light,2025.2.11 18:02,2025.4.18 11:57,18655,18936,1.48
Batch2,cmp1_usr722,Connectivity,2025.2.11 18:02,2025.4.18 11:57,18655,18936,1.48
Batch2,cmp1_usr722,Battery,2025.2.11 18:02,2025.4.18 11:57,18655,18936,1.48
Batch2,cmp1_usr722,Permission,2025.2.11 17:57,2025.4.18 11:47,261,263,0.76
Batch2,cmp1_usr723,Light,2025.2.13 16:19,2025.2.26 1:41,3555,16128,77.96
Batch2,cmp1_usr723,Connectivity,2025.2.13 16:19,2025.2.26 1:41,3555,16128,77.96
Batch2,cmp1_usr723,Battery,2025.2.13 16:19,2025.2.26 1:41,3555,16128,77.96
Batch2,cmp1_usr723,Permission,2025.2.13 16:14,2025.2.26 1:36,50,224,77.68
Batch2,cmp1_usr725,Light,2025.2.13 16:23,2025.2.25 23:25,3472,16128,78.47
Batch2,cmp1_usr725,Connectivity,2025.2.13 16:23,2025.2.25 23:25,3472,16128,78.47
Batch2,cmp1_usr725,Battery,2025.2.13 16:23,2025.2.25 23:25,3472,16128,78.47
Batch2,cmp1_usr725,Permission,2025.2.13 16:18,2025.2.25 22:40,50,224,77.68
Batch2,cmp1_usr726,Light,2025.2.14 17:18,2025.2.17 11:34,795,16128,95.07
Batch2,cmp1_usr726,Connectivity,2025.2.14 17:18,2025.2.17 11:34,795,16128,95.07
Batch2,cmp1_usr726,Battery,2025.2.14 17:18,2025.2.17 11:34,795,16128,95.07
Batch2,cmp1_usr726,Permission,2025.2.14 17:13,2025.2.17 8:59,11,224,95.09
Batch2,cmp1_usr727,Light,2025.2.17 15:00,2025.2.25 2:33,2148,16128,86.68
Batch2,cmp1_usr727,Connectivity,2025.2.17 15:00,2025.2.25 2:33,2148,16128,86.68
Batch2,cmp1_usr727,Battery,2025.2.17 15:00,2025.2.25 2:33,2148,16128,86.68
Batch2,cmp1_usr727,Permission,2025.2.17 14:55,2025.2.24 21:53,30,224,86.61
Batch2,cmp1_usr728,Light,2025.2.17 20:38,2025.4.23 16:21,18589,18669,0.43
Batch2,cmp1_usr728,Connectivity,2025.2.17 20:38,2025.4.23 16:21,18589,18669,0.43
Batch2,cmp1_usr728,Battery,2025.2.17 20:38,2025.4.23 16:21,18589,18669,0.43
Batch2,cmp1_usr728,Permission,2025.2.17 20:33,2025.4.23 13:16,259,259,0
Batch2,cmp1_usr729,Light,2025.2.18 9:54,2025.6.6 10:30,16877,31112,45.75
Batch2,cmp1_usr729,Connectivity,2025.2.18 9:54,2025.6.6 10:30,16877,31112,45.75
Batch2,cmp1_usr729,Battery,2025.2.18 9:54,2025.6.6 10:30,16877,31112,45.75
Batch2,cmp1_usr729,Permission,2025.2.18 9:49,2025.6.6 9:15,260,432,39.81
Batch2,cmp1_usr730,Light,2025.2.18 20:07,2025.4.22 19:55,16621,18142,8.38
Batch2,cmp1_usr730,Connectivity,2025.2.18 20:07,2025.4.22 19:55,16621,18142,8.38
Batch2,cmp1_usr730,Battery,2025.2.18 20:07,2025.4.22 19:55,16621,18142,8.38
Batch2,cmp1_usr730,Permission,2025.2.18 20:02,2025.4.22 15:45,240,252,4.76
Batch2,cmp1_usr731,Light,2025.2.23 15:18,2025.4.27 13:50,7913,18127,56.35
Batch2,cmp1_usr731,Connectivity,2025.2.23 15:18,2025.4.27 13:50,7913,18127,56.35
Batch2,cmp1_usr731,Battery,2025.2.23 15:18,2025.4.27 13:50,7913,18127,56.35
Batch2,cmp1_usr731,Permission,2025.2.23 15:13,2025.4.27 7:55,131,251,47.81
Batch2,cmp1_usr732,Light,2025.2.23 17:15,2025.4.25 18:33,16960,17584,3.55
Batch2,cmp1_usr732,Connectivity,2025.2.23 17:15,2025.4.25 18:33,16960,17584,3.55
Batch2,cmp1_usr732,Battery,2025.2.23 17:15,2025.4.25 18:33,16960,17584,3.55
Batch2,cmp1_usr732,Permission,2025.2.23 17:10,2025.4.25 14:13,241,244,1.23
Batch2,cmp1_usr733,Light,2025.2.4 15:53,2025.4.25 16:45,16596,23051,28
Batch2,cmp1_usr733,Connectivity,2025.2.4 15:53,2025.4.25 16:45,16596,23051,28
Batch2,cmp1_usr733,Battery,2025.2.4 15:53,2025.4.25 16:45,16596,23051,28
Batch2,cmp1_usr733,Permission,2025.2.4 15:45,2025.4.25 12:50,236,320,26.25
Batch2,cmp1_usr734,Light,2025.2.26 17:50,2025.4.25 7:00,16515,16574,0.36
Batch2,cmp1_usr734,Connectivity,2025.2.26 17:50,2025.4.25 7:00,16515,16574,0.36
Batch2,cmp1_usr734,Battery,2025.2.26 17:50,2025.4.25 7:00,16515,16574,0.36
Batch2,cmp1_usr734,Permission,2025.2.26 17:45,2025.4.25 3:50,230,230,0
Batch2,cmp1_usr735,Light,2025.2.27 18:59,2025.4.17 18:28,10381,16128,35.63
Batch2,cmp1_usr735,Connectivity,2025.2.27 18:59,2025.4.17 18:28,10381,16128,35.63
Batch2,cmp1_usr735,Battery,2025.2.27 18:59,2025.4.17 18:28,10381,16128,35.63
Batch2,cmp1_usr735,Permission,2025.2.27 18:51,2025.4.17 13:13,145,224,35.27
Batch2,cmp1_usr736,Light,2025.2.27 19:23,2025.3.23 18:20,6884,16128,57.32
Batch2,cmp1_usr736,Connectivity,2025.2.27 19:23,2025.3.23 18:20,6884,16128,57.32
Batch2,cmp1_usr736,Battery,2025.2.27 19:23,2025.3.23 18:20,6884,16128,57.32
Batch2,cmp1_usr736,Permission,2025.2.27 19:18,2025.3.23 12:50,95,224,57.59
Batch2,cmp1_usr737,Light,2025.2.28 15:24,2025.4.26 3:00,15398,16268,5.35
Batch2,cmp1_usr737,Connectivity,2025.2.28 15:24,2025.4.26 3:00,15398,16268,5.35
Batch2,cmp1_usr737,Battery,2025.2.28 15:24,2025.4.26 3:00,15398,16268,5.35
Batch2,cmp1_usr737,Permission,2025.2.28 15:19,2025.4.26 2:30,217,226,3.98
Batch2,cmp1_usr738,Light,2025.3.4 13:17,2025.5.13 6:10,17564,20075,12.51
Batch2,cmp1_usr738,Connectivity,2025.3.4 13:17,2025.5.13 6:10,17565,20075,12.5
Batch2,cmp1_usr738,Battery,2025.3.4 13:17,2025.5.13 6:10,17563,20075,12.51
Batch2,cmp1_usr738,Permission,2025.3.4 13:12,2025.5.13 2:20,250,279,10.39
Batch2,cmp1_usr740,Light,2025.3.6 18:13,2025.5.12 7:34,16312,19169,14.9
Batch2,cmp1_usr740,Connectivity,2025.3.6 18:13,2025.5.12 7:34,16312,19169,14.9
Batch2,cmp1_usr740,Battery,2025.3.6 18:13,2025.5.12 7:34,16312,19169,14.9
Batch2,cmp1_usr740,Permission,2025.3.6 18:08,2025.5.12 3:24,230,266,13.53
Batch2,cmp1_usr741,Light,2025.3.7 20:38,2025.5.12 20:17,15235,19004,19.83
Batch2,cmp1_usr741,Connectivity,2025.3.7 20:38,2025.5.12 20:17,15234,19004,19.84
Batch2,cmp1_usr741,Battery,2025.3.7 20:38,2025.5.12 20:17,15234,19004,19.84
Batch2,cmp1_usr741,Permission,2025.3.7 20:33,2025.5.12 18:42,222,264,15.91
Batch2,cmp1_usr742,Light,2025.3.10 11:28,2025.5.12 18:09,16651,18225,8.64
Batch2,cmp1_usr742,Connectivity,2025.3.10 11:28,2025.5.12 18:09,16651,18225,8.64
Batch2,cmp1_usr742,Battery,2025.3.10 11:28,2025.5.12 18:09,16651,18225,8.64
Batch2,cmp1_usr742,Permission,2025.3.10 11:23,2025.5.12 13:14,233,253,7.91
Batch2,cmp1_usr743,Light,2025.3.10 11:29,2025.5.30 6:06,22294,23264,4.17
Batch2,cmp1_usr743,Connectivity,2025.3.10 11:29,2025.5.30 6:06,22294,23264,4.17
Batch2,cmp1_usr743,Battery,2025.3.10 11:29,2025.5.30 6:06,22294,23264,4.17
Batch2,cmp1_usr743,Permission,2025.3.10 11:24,2025.5.30 3:36,314,323,2.79
Batch2,cmp1_usr744,Light,2025.3.10 11:50,2025.6.4 14:16,24635,24798,0.66
Batch2,cmp1_usr744,Connectivity,2025.3.10 11:50,2025.6.4 14:16,24635,24798,0.66
Batch2,cmp1_usr744,Battery,2025.3.10 11:50,2025.6.4 14:16,24635,24798,0.66
Batch2,cmp1_usr744,Permission,2025.3.10 11:45,2025.6.4 10:26,344,344,0
Batch2,cmp1_usr745,Light,2025.3.10 13:46,2025.5.13 1:26,17911,18284,2.04
Batch2,cmp1_usr745,Connectivity,2025.3.10 13:46,2025.5.13 1:26,17912,18284,2.03
Batch2,cmp1_usr745,Battery,2025.3.10 13:46,2025.5.13 1:26,17912,18284,2.03
Batch2,cmp1_usr745,Permission,2025.3.10 13:41,2025.5.12 19:31,251,253,0.79
Batch2,cmp1_usr746,Light,,,0,16128,100
Batch2,cmp1_usr746,Connectivity,,,0,16128,100
Batch2,cmp1_usr746,Battery,,,0,16128,100
Batch2,cmp1_usr746,Permission,,,0,224,100
Batch2,cmp1_usr747,Light,2025.3.10 17:21,2025.5.17 1:10,19345,19390,0.23
Batch2,cmp1_usr747,Connectivity,2025.3.10 17:21,2025.5.17 1:10,19345,19390,0.23
Batch2,cmp1_usr747,Battery,2025.3.10 17:21,2025.5.17 1:10,19343,19390,0.24
Batch2,cmp1_usr747,Permission,2025.3.10 17:16,2025.5.16 22:35,269,269,0
Batch2,cmp1_usr749,Light,2025.3.12 14:08,2025.5.19 2:44,19113,19448,1.72
Batch2,cmp1_usr749,Connectivity,2025.3.12 14:08,2025.5.19 2:44,19285,19448,0.84
Batch2,cmp1_usr749,Battery,2025.3.12 14:08,2025.5.19 2:44,19285,19448,0.84
Batch2,cmp1_usr749,Permission,2025.3.12 14:03,2025.5.21 7:07,272,279,2.51
Batch2,cmp1_usr751,Light,2025.3.14 17:48,2025.6.6 10:33,22366,24106,7.22
Batch2,cmp1_usr751,Connectivity,2025.3.14 17:48,2025.6.6 10:33,22366,24106,7.22
Batch2,cmp1_usr751,Battery,2025.3.14 17:48,2025.6.6 10:33,22366,24106,7.22
Batch2,cmp1_usr751,Permission,2025.3.14 17:43,2025.6.6 8:33,318,335,5.07
Batch2,cmp1_usr753,Light,2025.3.15 3:16,2025.5.26 11:09,19892,20831,4.51
Batch2,cmp1_usr753,Connectivity,2025.3.15 3:16,2025.5.26 11:09,19892,20831,4.51
Batch2,cmp1_usr753,Battery,2025.3.15 3:16,2025.5.26 11:09,19892,20831,4.51
Batch2,cmp1_usr753,Permission,2025.3.15 3:11,2025.5.26 11:09,281,290,3.1
Batch2,cmp1_usr754,Light,2025.3.14 22:54,2025.5.12 20:15,8678,16961,48.84
Batch2,cmp1_usr754,Connectivity,2025.3.14 22:54,2025.5.12 20:15,8678,16961,48.84
Batch2,cmp1_usr754,Battery,2025.3.14 22:54,2025.5.12 20:15,8678,16961,48.84
Batch2,cmp1_usr754,Permission,2025.3.14 22:49,2025.5.12 13:05,144,235,38.72
Batch2,cmp1_usr755,Light,2025.3.16 21:36,2025.5.21 10:39,18518,18877,1.9
Batch2,cmp1_usr755,Connectivity,2025.3.16 21:36,2025.5.21 10:39,18518,18877,1.9
Batch2,cmp1_usr755,Battery,2025.3.16 21:36,2025.5.21 10:39,18518,18877,1.9
Batch2,cmp1_usr755,Permission,2025.3.16 21:31,2025.5.31 4:44,260,302,13.91
Batch2,cmp1_usr756,Light,,,0,16128,100
Batch2,cmp1_usr756,Connectivity,,,0,16128,100
Batch2,cmp1_usr756,Battery,,,0,16128,100
Batch2,cmp1_usr756,Permission,,,0,224,100
Batch2,cmp1_usr757,Light,2025.3.18 6:53,2025.5.22 20:57,17150,18889,9.21
Batch2,cmp1_usr757,Connectivity,2025.3.18 6:53,2025.5.22 20:57,17150,18889,9.21
Batch2,cmp1_usr757,Battery,2025.3.18 6:53,2025.5.22 20:57,17150,18889,9.21
Batch2,cmp1_usr757,Permission,2025.3.18 6:48,2025.5.22 20:47,241,263,8.37
Batch2,cmp1_usr758,Light,2025.3.19 13:37,2025.5.28 15:55,20094,20188,0.47
Batch2,cmp1_usr758,Connectivity,2025.3.19 13:37,2025.5.28 15:55,20094,20188,0.47
Batch2,cmp1_usr758,Battery,2025.3.19 13:37,2025.5.28 15:55,20094,20188,0.47
Batch2,cmp1_usr758,Permission,2025.3.19 13:32,2025.5.28 15:00,281,281,0
Batch2,cmp1_usr759,Light,2025.3.19 13:45,2025.5.14 18:07,16110,16181,0.44
Batch2,cmp1_usr759,Connectivity,2025.3.19 13:45,2025.5.14 18:07,16110,16181,0.44
Batch2,cmp1_usr759,Battery,2025.3.19 13:45,2025.5.14 18:07,16110,16181,0.44
Batch2,cmp1_usr759,Permission,2025.3.19 13:40,2025.5.14 15:17,225,225,0
Batch2,cmp1_usr760,Light,2025.3.19 15:05,2025.5.16 22:48,16600,16797,1.17
Batch2,cmp1_usr760,Connectivity,2025.3.19 15:05,2025.5.16 22:48,16600,16797,1.17
Batch2,cmp1_usr760,Battery,2025.3.19 15:05,2025.5.16 22:48,16600,16797,1.17
Batch2,cmp1_usr760,Permission,2025.3.19 15:00,2025.5.16 20:33,232,233,0.43
Batch2,cmp1_usr761,Light,2025.3.19 16:27,2025.5.19 7:29,17335,17461,0.72
Batch2,cmp1_usr761,Connectivity,2025.3.19 16:27,2025.5.19 7:29,17349,17461,0.64
Batch2,cmp1_usr761,Battery,2025.3.19 16:27,2025.5.19 7:29,17349,17461,0.64
Batch2,cmp1_usr761,Permission,2025.3.19 16:22,2025.5.19 6:24,242,243,0.41
Batch2,cmp1_usr762,Light,2025.3.19 17:21,2025.5.24 0:59,18691,18812,0.64
Batch2,cmp1_usr762,Connectivity,2025.3.19 17:21,2025.5.24 0:59,18694,18812,0.63
Batch2,cmp1_usr762,Battery,2025.3.19 17:21,2025.5.24 0:59,18694,18812,0.63
Batch2,cmp1_usr762,Permission,2025.3.19 17:16,2025.5.23 23:29,261,262,0.38
Batch2,cmp1_usr763,Light,2025.3.19 22:51,2025.5.20 18:25,16285,17803,8.53
Batch2,cmp1_usr763,Connectivity,2025.3.19 22:51,2025.5.20 18:25,16285,17803,8.53
Batch2,cmp1_usr763,Battery,2025.3.19 22:51,2025.5.20 18:25,16285,17803,8.53
Batch2,cmp1_usr763,Permission,2025.3.19 22:46,2025.5.20 14:45,231,247,6.48
Batch2,cmp1_usr764,Light,2025.3.20 9:42,2025.5.26 17:18,7645,19388,60.57
Batch2,cmp1_usr764,Connectivity,2025.3.20 9:42,2025.5.26 17:18,7645,19388,60.57
Batch2,cmp1_usr764,Battery,2025.3.20 9:42,2025.5.26 17:18,7645,19388,60.57
Batch2,cmp1_usr764,Permission,2025.3.20 9:37,2025.5.26 17:13,144,270,46.67
Batch2,cmp1_usr765,Light,2025.2.4 15:53,2025.4.1 20:17,2271,16181,85.97
Batch2,cmp1_usr765,Connectivity,2025.2.4 15:53,2025.4.1 20:17,2271,16181,85.97
Batch2,cmp1_usr765,Battery,2025.2.4 15:53,2025.4.1 20:17,2271,16181,85.97
Batch2,cmp1_usr765,Permission,2025.2.4 15:45,2025.4.1 20:37,38,225,83.11
Batch2,cmp1_usr766,Light,2025.3.24 19:06,2025.5.28 12:59,18260,18647,2.08
Batch2,cmp1_usr766,Connectivity,2025.3.24 19:06,2025.5.28 12:59,18260,18647,2.08
Batch2,cmp1_usr766,Battery,2025.3.24 19:06,2025.5.28 12:59,18260,18647,2.08
Batch2,cmp1_usr766,Permission,2025.3.24 19:01,2025.5.28 12:29,256,259,1.16
Batch2,cmp1_usr767,Light,2025.3.26 13:34,2025.3.26 18:56,64,16128,99.6
Batch2,cmp1_usr767,Connectivity,2025.3.26 13:34,2025.3.26 18:56,64,16128,99.6
Batch2,cmp1_usr767,Battery,2025.3.26 13:34,2025.3.26 18:56,64,16128,99.6
Batch2,cmp1_usr767,Permission,2025.3.26 13:29,2025.3.26 14:31,1,224,99.55
Batch2,cmp1_usr768,Light,2025.3.26 16:46,2025.5.21 16:52,14738,16130,8.63
Batch2,cmp1_usr768,Connectivity,2025.3.26 16:46,2025.5.21 16:52,14738,16130,8.63
Batch2,cmp1_usr768,Battery,2025.3.26 16:46,2025.5.21 16:52,14738,16130,8.63
Batch2,cmp1_usr768,Permission,2025.3.26 16:41,2025.5.21 11:02,207,224,7.59
Batch2,cmp1_usr769,Light,2025.4.1 9:53,2025.4.1 10:23,6,16128,99.96
Batch2,cmp1_usr769,Connectivity,2025.4.1 9:53,2025.4.1 10:23,6,16128,99.96
Batch2,cmp1_usr769,Battery,2025.4.1 9:53,2025.4.1 10:23,6,16128,99.96
Batch2,cmp1_usr769,Permission,2025.4.1 9:48,2025.4.1 9:48,1,224,99.55
Batch2,cmp1_usr770,Light,2025.4.2 18:04,2025.6.2 7:52,17428,17446,0.1
Batch2,cmp1_usr770,Connectivity,2025.4.2 18:04,2025.6.2 7:52,17428,17446,0.1
Batch2,cmp1_usr770,Battery,2025.4.2 18:04,2025.6.2 7:52,17428,17446,0.1
Batch2,cmp1_usr770,Permission,2025.4.2 17:59,2025.6.2 6:32,243,243,0
Batch2,cmp1_usr771,Light,2025.4.3 12:35,2025.6.5 11:09,17645,18127,2.66
Batch2,cmp1_usr771,Connectivity,2025.4.3 12:35,2025.6.5 11:09,17645,18127,2.66
Batch2,cmp1_usr771,Battery,2025.4.3 12:35,2025.6.5 11:09,17645,18127,2.66
Batch2,cmp1_usr771,Permission,2025.4.3 12:30,2025.6.5 6:04,246,251,1.99
Batch2,cmp1_usr772,Light,2025.4.3 13:21,2025.6.3 10:20,16438,17532,6.24
Batch2,cmp1_usr772,Connectivity,2025.4.3 13:21,2025.6.3 10:20,16439,17532,6.23
Batch2,cmp1_usr772,Battery,2025.4.3 13:21,2025.6.3 10:20,16438,17532,6.24
Batch2,cmp1_usr772,Permission,2025.4.3 13:16,2025.6.3 10:24,231,244,5.33
Batch2,cmp1_usr773,Light,2025.4.3 19:26,2025.5.30 16:37,11002,16383,32.85
Batch2,cmp1_usr773,Connectivity,2025.4.3 19:26,2025.5.30 16:37,11002,16383,32.85
Batch2,cmp1_usr773,Battery,2025.4.3 19:26,2025.5.30 16:37,11002,16383,32.85
Batch2,cmp1_usr773,Permission,2025.4.3 19:21,2025.6.5 10:06,165,251,34.26
Batch2,cmp1_usr774,Light,2025.4.10 12:59,2025.6.6 8:23,14790,16361,9.6
Batch2,cmp1_usr774,Connectivity,2025.4.10 12:59,2025.6.6 8:23,14793,16361,9.58
Batch2,cmp1_usr774,Battery,2025.4.10 12:59,2025.6.6 8:23,14793,16361,9.58
Batch2,cmp1_usr774,Permission,2025.4.10 12:54,2025.6.6 3:28,208,227,8.37